rec_id,item_id,stud_id,result,irt
740,1.1.1,5323,1,54
995,1.1.1,5340,0,5972
2175,1.1.1,758,1,382
41,1.1.10,721,0,135
43,1.1.10,721,0,169
44,1.1.10,721,0,170
88,1.1.10,715,1,687
345,1.1.10,72,1,1414
477,1.1.10,871,1,2634
493,1.1.10,5162,1,103
566,1.1.10,5176,1,265
727,1.1.10,63,0,2640
738,1.1.10,5323,0,461
748,1.1.10,5323,1,438
1636,1.1.10,193,1,17
1906,1.1.10,57,1,358
2050,1.1.10,737,1,183
2113,1.1.10,230,0,80
2114,1.1.10,5114,1,88
2182,1.1.10,758,1,122
2223,1.1.10,5119,1,328
2358,1.1.10,66,1,79
741,1.1.2,5323,1,540
2080,1.1.2,5119,1,1609
2176,1.1.2,758,1,404
348,1.1.3,72,1,502
742,1.1.3,5323,1,2211
681,1.1.4,63,1,718
743,1.1.4,5323,0,2414
2162,1.1.4,5119,1,143
330,1.1.5,588,0,138
339,1.1.5,72,1,141
397,1.1.5,76,1,25
465,1.1.5,5162,1,114
561,1.1.5,5176,1,213
736,1.1.5,5323,0,51
750,1.1.5,5323,0,503
1630,1.1.5,193,1,4
1902,1.1.5,57,0,54
2045,1.1.5,737,1,5
2100,1.1.5,230,1,20
2104,1.1.5,5114,1,24
2213,1.1.5,5119,1,31
2353,1.1.5,66,1,14
31,1.1.6,721,0,269
331,1.1.6,588,1,828
340,1.1.6,72,1,164
398,1.1.6,76,1,38
466,1.1.6,5162,1,27
562,1.1.6,5176,1,29
699,1.1.6,63,1,100
745,1.1.6,5323,1,42
1022,1.1.6,5340,0,74
1632,1.1.6,193,1,3
2046,1.1.6,737,1,29
2101,1.1.6,230,1,30
2106,1.1.6,5114,1,56
2354,1.1.6,66,1,15
332,1.1.7,588,0,952
341,1.1.7,72,0,1556
469,1.1.7,871,1,2219
489,1.1.7,5162,1,193
563,1.1.7,5176,0,87
744,1.1.7,5323,0,1097
1633,1.1.7,193,0,13
2047,1.1.7,737,0,103
2105,1.1.7,230,0,119
2107,1.1.7,5114,0,116
2177,1.1.7,758,0,550
2207,1.1.7,5119,1,234
2355,1.1.7,66,0,36
35,1.1.8,721,1,257
36,1.1.8,721,0,23
333,1.1.8,588,1,278
347,1.1.8,72,0,178
490,1.1.8,5162,0,27
564,1.1.8,5176,0,130
737,1.1.8,5323,1,25
746,1.1.8,5323,1,6
1634,1.1.8,193,1,3
1874,1.1.8,5128,0,56
2048,1.1.8,737,1,31
2108,1.1.8,230,0,103
2110,1.1.8,5114,1,48
2188,1.1.8,758,1,434
2356,1.1.8,66,1,12
39,1.1.9,721,0,529
40,1.1.9,721,0,421
86,1.1.9,715,1,42
342,1.1.9,72,1,991
446,1.1.9,871,1,60
492,1.1.9,5162,1,59
565,1.1.9,5176,1,228
739,1.1.9,5323,0,753
747,1.1.9,5323,1,83
1635,1.1.9,193,1,10
1875,1.1.9,5128,1,74
1907,1.1.9,57,1,30
2049,1.1.9,737,1,52
2109,1.1.9,230,1,35
2111,1.1.9,5114,1,59
2152,1.1.9,758,1,43
2359,1.1.9,66,0,184
95,1.2.1,715,1,483
135,1.2.1,25,0,379
137,1.2.1,25,1,56
334,1.2.1,588,0,7
588,1.2.1,5176,0,3
589,1.2.1,5176,0,4
590,1.2.1,5176,0,4
591,1.2.1,5176,0,5
592,1.2.1,5176,0,6
603,1.2.1,5162,1,55
617,1.2.1,5176,1,109
827,1.2.1,5323,1,170
880,1.2.1,59,1,36
1129,1.2.1,871,0,63
1130,1.2.1,871,0,39
1134,1.2.1,871,1,96
1167,1.2.1,588,1,58
1476,1.2.1,5322,1,621
1511,1.2.1,721,0,6
1512,1.2.1,721,0,5
1637,1.2.1,193,1,5
1876,1.2.1,5128,0,54
1927,1.2.1,129,1,6
2009,1.2.1,5295,1,224
2010,1.2.1,5295,0,231
2055,1.2.1,961,1,56
2115,1.2.1,5114,1,111
2121,1.2.1,230,1,310
2258,1.2.1,5119,1,274
2360,1.2.1,66,1,17
2447,1.2.1,647,1,169
102,1.2.2,715,1,744
141,1.2.2,25,1,222
335,1.2.2,588,0,23
583,1.2.2,5176,0,3
584,1.2.2,5176,0,4
585,1.2.2,5176,0,5
586,1.2.2,5176,0,6
587,1.2.2,5176,0,6
594,1.2.2,5162,0,66
605,1.2.2,5162,1,101
615,1.2.2,5176,0,722
616,1.2.2,5176,1,876
837,1.2.2,5323,1,708
849,1.2.2,5003,1,210
888,1.2.2,59,0,10
890,1.2.2,59,0,159
897,1.2.2,59,0,7
903,1.2.2,59,1,11
1070,1.2.2,5111,1,709
1138,1.2.2,871,1,293
1161,1.2.2,588,1,84
1478,1.2.2,5322,1,270
1638,1.2.2,193,1,35
1950,1.2.2,57,0,6
1960,1.2.2,57,1,379
2011,1.2.2,5295,1,162
2117,1.2.2,5114,0,63
2118,1.2.2,5114,0,167
2119,1.2.2,5114,0,57
2125,1.2.2,5114,1,97
2126,1.2.2,230,1,409
2203,1.2.2,758,0,32
2208,1.2.2,758,0,148
2309,1.2.2,5119,0,359
2313,1.2.2,5119,1,13
2361,1.2.2,66,1,8
2451,1.2.2,647,1,33
104,1.2.3,715,1,178
164,1.2.3,25,1,1932
346,1.2.3,72,1,218
578,1.2.3,5176,0,3
579,1.2.3,5176,0,4
580,1.2.3,5176,0,5
581,1.2.3,5176,0,6
582,1.2.3,5176,0,7
595,1.2.3,5176,0,268
596,1.2.3,5176,0,310
597,1.2.3,5176,0,457
598,1.2.3,5176,0,471
599,1.2.3,5176,0,510
601,1.2.3,5162,1,620
852,1.2.3,5323,0,1562
853,1.2.3,5323,1,1621
907,1.2.3,59,1,9
1141,1.2.3,871,1,692
1158,1.2.3,588,1,35
1479,1.2.3,5322,1,8
1639,1.2.3,193,1,9
1928,1.2.3,129,1,6
2014,1.2.3,5295,0,674
2135,1.2.3,5114,1,832
2139,1.2.3,230,0,712
2142,1.2.3,230,0,95
2143,1.2.3,230,0,136
2144,1.2.3,230,0,138
2147,1.2.3,230,0,187
2157,1.2.3,758,1,57
2314,1.2.3,5119,1,209
2362,1.2.3,66,1,10
2453,1.2.3,647,1,100
114,1.2.4,715,0,1830
123,1.2.4,715,1,15
192,1.2.4,25,1,673
567,1.2.4,5176,0,232
568,1.2.4,5176,0,643
570,1.2.4,5176,0,729
571,1.2.4,5176,0,802
577,1.2.4,5176,0,3
593,1.2.4,5176,1,29
602,1.2.4,5162,0,226
606,1.2.4,5162,0,199
608,1.2.4,5162,0,512
610,1.2.4,5162,1,181
861,1.2.4,5323,1,1204
914,1.2.4,59,1,10
1146,1.2.4,871,1,848
1164,1.2.4,588,0,163
1481,1.2.4,5322,0,310
1485,1.2.4,5322,0,15
1486,1.2.4,5322,0,90
1487,1.2.4,5322,0,93
1488,1.2.4,5322,0,19
1640,1.2.4,193,1,8
1966,1.2.4,57,0,93
2037,1.2.4,5295,0,67
2038,1.2.4,5295,0,173
2136,1.2.4,5114,0,62
2137,1.2.4,5114,0,113
2138,1.2.4,5114,0,115
2140,1.2.4,5114,0,347
2141,1.2.4,5114,0,413
2153,1.2.4,230,0,425
2158,1.2.4,230,0,674
2159,1.2.4,230,0,692
2163,1.2.4,230,0,796
2166,1.2.4,230,0,839
2169,1.2.4,758,1,307
2291,1.2.4,5119,0,461
2296,1.2.4,5119,0,13
2318,1.2.4,5119,1,37
2363,1.2.4,66,1,10
2454,1.2.4,647,1,37
5,1.2.5,5471,0,963
6,1.2.5,5471,1,1217
119,1.2.5,715,0,1076
121,1.2.5,715,0,2031
122,1.2.5,715,0,2098
127,1.2.5,715,1,631
128,1.2.5,715,0,634
499,1.2.5,5162,0,79
572,1.2.5,5176,0,3
573,1.2.5,5176,0,4
574,1.2.5,5176,0,5
575,1.2.5,5176,0,7
576,1.2.5,5176,0,9
609,1.2.5,5176,1,402
613,1.2.5,5162,0,427
619,1.2.5,5162,0,214
623,1.2.5,5162,0,405
624,1.2.5,5162,0,482
767,1.2.5,5003,0,445
768,1.2.5,5003,0,576
850,1.2.5,5003,1,313
867,1.2.5,5323,0,511
872,1.2.5,5323,0,756
874,1.2.5,5323,0,933
928,1.2.5,59,1,28
1142,1.2.5,871,1,116
1490,1.2.5,5322,1,207
1513,1.2.5,5323,0,213
1514,1.2.5,5323,0,298
1641,1.2.5,193,1,7
1916,1.2.5,25,0,13
1918,1.2.5,25,0,263
1920,1.2.5,25,0,283
1929,1.2.5,129,1,5
2148,1.2.5,5114,0,225
2151,1.2.5,5114,1,364
2174,1.2.5,230,0,473
2180,1.2.5,230,0,956
2183,1.2.5,230,0,4
2186,1.2.5,230,0,381
2187,1.2.5,230,0,383
2198,1.2.5,758,0,336
2250,1.2.5,5119,0,295
2327,1.2.5,5119,0,26
2329,1.2.5,5119,0,134
2335,1.2.5,5119,0,20
2336,1.2.5,5119,0,58
2364,1.2.5,66,1,18
26,1.3.1,5471,1,6419
198,1.3.1,25,1,620
502,1.3.1,69,1,1950
630,1.3.1,5176,1,934
639,1.3.1,5176,0,1537
648,1.3.1,5176,1,1605
1515,1.3.1,5323,1,849
1649,1.3.1,193,1,125
1754,1.3.1,216,1,1570
2130,1.3.1,264,1,117
2165,1.3.1,5114,1,916
2197,1.3.1,230,0,875
10,1.3.10,660,0,21
22,1.3.10,5471,0,4878
139,1.3.10,715,0,692
503,1.3.10,69,0,2014
635,1.3.10,5176,0,1268
637,1.3.10,5176,0,1402
658,1.3.10,5176,0,4089
1178,1.3.10,871,1,5119
1524,1.3.10,5323,1,3963
1650,1.3.10,193,0,133
2161,1.3.10,5114,1,836
2193,1.3.10,230,1,606
34,1.3.2,5471,1,7466
634,1.3.2,5176,0,1261
638,1.3.2,5176,0,1530
653,1.3.2,5176,1,2498
771,1.3.2,5003,0,370
940,1.3.2,59,1,2033
1529,1.3.2,5323,0,29979
1644,1.3.2,193,1,40
2056,1.3.2,961,1,27
2172,1.3.2,5114,0,1197
2190,1.3.2,230,1,502
2338,1.3.2,5119,0,119
7,1.3.3,5471,1,2039
131,1.3.3,715,1,312
494,1.3.3,69,1,1192
626
1.3.3,5176,0,626
641,1.3.3,5176,0,1551
651,1.3.3,5176,1,2018
971,1.3.3,59,0,5253
1172,1.3.3,588,0,593
1530,1.3.3,5323,1,30494
1645,1.3.3,193,1,81
2209,1.3.3,230,0,1470
2236,1.3.3,5114,0,4530
50,1.3.4,5471,0,9771
206,1.3.4,25,0,1370
482,1.3.4,69,1,74
631,1.3.4,5176,0,1211
640,1.3.4,5176,0,1544
652,1.3.4,5176,1,2253
680,1.3.4,588,0,343
947,1.3.4,59,1,4351
1528,1.3.4,5323,1,29352
1642,1.3.4,193,1,23
1968,1.3.4,57,0,509
2210,1.3.4,230,0,1516
2249,1.3.4,5114,1,4945
51,1.3.5,5471,1,10156
633,1.3.5,5176,0,1251
643,1.3.5,5176,0,1566
657,1.3.5,5176,0,3968
682,1.3.5,588,0,299
1527,1.3.5,5323,1,29006
1646,1.3.5,193,1,94
2155,1.3.5,5114,1,662
2196,1.3.5,230,0,759
12,1.3.6,5471,1,2938
632,1.3.6,5176,0,1232
646,1.3.6,5176,0,1580
656,1.3.6,5176,0,3735
935,1.3.6,59,0,1061
936,1.3.6,59,0,1072
966,1.3.6,5024,0,1436
1525,1.3.6,5323,1,4381
1651,1.3.6,193,1,146
2181,1.3.6,5114,0,2038
2214,1.3.6,230,0,1757
32,1.3.7,5471,1,7206
485,1.3.7,69,1,388
636,1.3.7,5176,0,1275
642,1.3.7,5176,0,1559
654,1.3.7,5176,0,3039
942,1.3.7,59,1,2510
1497,1.3.7,588,0,324
1522,1.3.7,5323,0,3170
1648,1.3.7,193,1,118
2149,1.3.7,264,0,1053
2216,1.3.7,230,0,1835
2222,1.3.7,5114,0,4157
20,1.3.8,5471,1,4498
621,1.3.8,5176,1,330
647,1.3.8,5176,0,1588
655,1.3.8,5176,0,3347
992,1.3.8,59,0,7034
1523,1.3.8,5323,1,3457
1643,1.3.8,193,1,35
2173,1.3.8,5114,1,1337
2191,1.3.8,230,1,576
629,1.3.9,5176,0,840
645,1.3.9,5176,0,1573
659,1.3.9,5176,0,4257
769,1.3.9,5003,0,703
1526,1.3.9,5323,1,4626
1652,1.3.9,193,1,155
1753,1.3.9,216,0,1548
2150,1.3.9,264,0,1125
2200,1.3.9,230,1,1065
2245,1.3.9,5114,1,4751
1331,10.1.1,845,1,12
1332,10.1.4,845,0,38
1333,10.1.5,845,0,50
1335,10.1.6,845,1,84
1337,10.1.8,845,0,68
1338,10.2.2,845,0,6
1339,10.2.2,845,0,9
1340,10.2.2,845,0,26
1342,10.2.2,845,1,48
1344,13.1.1,845,0,38
1345,13.1.4,845,0,11
1346,13.1.5,845,0,2
1348,13.1.9,845,0,11
1350,13.2.2,845,1,7
11,3.1.1,660,0,211
349,3.1.1,72,1,738
535,3.1.1,69,0,85
752,3.1.1,5323,0,1186
770,3.1.1,5003,1,170
987,3.1.1,5340,0,3315
1494,3.1.1,5322,0,784
1653,3.1.1,193,1,165
1758,3.1.1,216,1,2204
1771,3.1.1,129,0,191
1989,3.1.1,183,0,441
2120,3.1.1,666,0,959
2168,3.1.1,264,0,1844
2211,3.1.1,758,0,83
2219,3.1.1,230,0,1934
2241,3.1.1,230,0,130
2251,3.1.1,5114,0,4962
2331,3.1.1,654,0,1152
156,3.1.10,336,1,10
254,3.1.10,5471,0,315
353,3.1.10,72,0,61
533,3.1.10,69,1,3
756,3.1.10,5323,1,45
786,3.1.10,5176,1,148
812,3.1.10,701,1,77
876,3.1.10,5003,1,355
1044,3.1.10,5340,1,176
1097,3.1.10,5142,0,143
1114,3.1.10,1059,0,71
1228,3.1.10,588,1,79
1239,3.1.10,60,1,50
1663,3.1.10,193,1,7
1780,3.1.10,216,1,277
1998,3.1.10,183,1,23
2146,3.1.10,940,1,40
2233,3.1.10,230,1,13
2264,3.1.10,230,0,57
2342,3.1.10,654,1,21
13,3.1.2,660,1,349
350,3.1.2,72,1,1300
536,3.1.2,69,0,191
753,3.1.2,5323,0,1808
775,3.1.2,5003,0,515
824,3.1.2,701,0,1398
994,3.1.2,5340,0,4436
1654,3.1.2,193,1,172
1760,3.1.2,216,0,2894
1990,3.1.2,183,1,644
2199,3.1.2,666,1,5520
2220,3.1.2,230,1,1949
2242,3.1.2,230,1,146
2332,3.1.2,654,0,1339
357,3.1.3,72,1,530
540,3.1.3,69,1,464
754,3.1.3,5323,1,2235
851,3.1.3,5003,1,568
1050,3.1.3,5340,1,1180
1176,3.1.3,588,1,853
1655,3.1.3,193,1,182
1763,3.1.3,216,1,3111
1991,3.1.3,183,1,748
2127,3.1.3,666,1,1396
2221,3.1.3,230,0,1982
2243,3.1.3,230,0,229
2333,3.1.3,654,1,1545
358,3.1.4,72,1,1182
526,3.1.4,69,1,1034
857,3.1.4,5003,1,1208
1222,3.1.4,588,0,5058
1656,3.1.4,193,1,196
1795,3.1.4,216,1,2276
1992,3.1.4,183,1,779
2226,3.1.4,230,0,2158
2247,3.1.4,230,0,366
2337,3.1.4,654,0,2431
158,3.1.5,336,0,54
356,3.1.5,72,1,399
539,3.1.5,69,1,353
829,3.1.5,701,0,1812
859,3.1.5,5003,0,1579
1657,3.1.5,193,1,206
1804,3.1.5,216,1,3253
1993,3.1.5,183,1,808
2167,3.1.5,666,0,3322
2227,3.1.5,230,0,2231
2254,3.1.5,230,0,745
2284,3.1.5,654,0,2153
2344,3.1.5,654,0,224
351,3.1.6,72,1,1423
537,3.1.6,69,1,259
810,3.1.6,701,1,162
862,3.1.6,5003,1,2112
1049,3.1.6,5340,0,1009
1223,3.1.6,588,1,5363
1658,3.1.6,193,1,224
1787,3.1.6,216,1,1019
1994,3.1.6,183,1,850
2164,3.1.6,666,1,3284
2228,3.1.6,230,1,2250
2255,3.1.6,230,1,759
2282,3.1.6,654,0,2138
2343,3.1.6,654,0,219
157,3.1.7,336,1,27
355,3.1.7,72,1,277
530,3.1.7,69,0,1221
804,3.1.7,701,1,125
863,3.1.7,5003,1,2198
1047,3.1.7,5340,1,895
1224,3.1.7,588,1,5500
1659,3.1.7,193,1,231
1785,3.1.7,216,1,642
1995,3.1.7,183,1,883
2231,3.1.7,230,0,2278
2256,3.1.7,230,1,853
2339,3.1.7,654,1,3180
354,3.1.8,72,0,135
532,3.1.8,69,1,1292
757,3.1.8,5323,1,400
790,3.1.8,5176,1,542
806,3.1.8,701,1,9
864,3.1.8,5003,1,2307
1046,3.1.8,5340,0,705
1226,3.1.8,588,1,5978
1660,3.1.8,193,1,235
1782,3.1.8,216,1,424
1996,3.1.8,183,1,946
2131,3.1.8,666,1,1696
2232,3.1.8,230,1,2306
2257,3.1.8,230,1,864
2340,3.1.8,654,1,3238
352,3.1.9,72,1,1695
534,3.1.9,69,0,40
788,3.1.9,5176,1,333
811,3.1.9,701,0,220
871,3.1.9,5003,1,2806
1227,3.1.9,588,1,6097
1241,3.1.9,60,1,509
1662,3.1.9,193,1,264
1799,3.1.9,216,0,2405
1997,3.1.9,183,0,979
2240,3.1.9,230,0,116
2263,3.1.9,230,1,1084
2341,3.1.9,654,0,3572
166,3.2.1,336,1,55
297,3.2.1,5471,1,914
475,3.2.1,5109,0,184
478,3.2.1,5109,0,593
480,3.2.1,5109,0,724
483,3.2.1,5109,0,847
484,3.2.1,5109,0,12
794,3.2.1,5176,0,500
795,3.2.1,5176,0,806
797,3.2.1,5176,0,929
799,3.2.1,5176,0,1120
800,3.2.1,5176,0,1183
882,3.2.1,5003,1,935
951,3.2.1,5340,0,1243
954,3.2.1,5340,0,1292
964,3.2.1,5340,0,1855
965,3.2.1,5340,0,1912
1092,3.2.1,865,1,287
1101,3.2.1,5142,1,457
1156,3.2.1,701,0,197
1157,3.2.1,701,1,346
1244,3.2.1,60,1,87
1504,3.2.1,74,1,23
1664,3.2.1,193,1,15
1863,3.2.1,216,0,303
1999,3.2.1,183,1,45
2179,3.2.1,264,0,774
2204,3.2.1,666,1,195
2268,3.2.1,230,0,489
2269,3.2.1,230,0,518
2270,3.2.1,230,0,539
2272,3.2.1,230,0,632
2274,3.2.1,230,0,672
2287,3.2.1,654,0,209
2305,3.2.1,654,0,29
2306,3.2.1,654,0,72
2307,3.2.1,654,0,179
2308,3.2.1,654,0,180
2488,3.2.1,5323,0,55
167,3.2.2,336,1,13
314,3.2.2,5471,0,1649
316,3.2.2,5471,1,1681
464,3.2.2,5109,1,70
801,3.2.2,5176,1,48
885,3.2.2,5003,1,197
1093,3.2.2,865,1,72
1102,3.2.2,5142,1,44
1159,3.2.2,701,1,117
1250,3.2.2,60,1,427
1665,3.2.2,193,1,2
1759,3.2.2,626,0,757
1865,3.2.2,216,0,17
1867,3.2.2,216,0,442
1868,3.2.2,216,0,454
1869,3.2.2,216,1,465
1870,3.2.2,216,0,465
2000,3.2.2,183,1,54
2094,3.2.2,672,1,150
2170,3.2.2,264,1,20
2205,3.2.2,666,1,16
2275,3.2.2,230,0,51
2276,3.2.2,230,0,62
2277,3.2.2,230,1,67
2288,3.2.2,654,0,6
2289,3.2.2,654,1,8
2487,3.2.2,5323,1,270
168,3.2.3,336,1,12
472,3.2.3,5109,1,435
803,3.2.3,5176,0,351
805,3.2.3,5176,1,675
886,3.2.3,5003,1,150
1052,3.2.3,859,0,424
1053,3.2.3,859,0,17
1054,3.2.3,859,0,18
1055,3.2.3,859,0,20
1056,3.2.3,859,0,21
1096,3.2.3,865,1,231
1103,3.2.3,5142,0,296
1162,3.2.3,701,1,140
1253,3.2.3,60,1,306
1498,3.2.3,588,1,162
1666,3.2.3,193,1,8
1762,3.2.3,626,0,770
1880,3.2.3,216,1,1737
2001,3.2.3,183,1,27
2082,3.2.3,672,1,186
2278,3.2.3,230,0,27
2290,3.2.3,654,1,116
2428,3.2.3,5471,1,523
2439,3.2.3,666,1,63
46,3.2.4,606,0,353
47,3.2.4,958,1,7
49,3.2.4,606,1,560
89,3.2.4,5062,0,57
90,3.2.4,5062,0,76
91,3.2.4,5062,0,103
92,3.2.4,5062,0,112
169,3.2.4,336,0,14
170,3.2.4,336,1,40
487,3.2.4,5109,1,652
839,3.2.4,5176,0,55
840,3.2.4,5176,0,58
841,3.2.4,5176,0,66
842,3.2.4,5176,0,83
843,3.2.4,5176,0,89
896,3.2.4,5003,1,580
1098,3.2.4,865,1,444
1147,3.2.4,5431,1,181
1160,3.2.4,250,0,820
1165,3.2.4,250,1,1057
1166,3.2.4,701,0,21
1168,3.2.4,701,1,151
1667,3.2.4,193,1,8
2293,3.2.4,654,0,120
2294,3.2.4,654,0,193
2297,3.2.4,654,1,517
2429,3.2.4,5471,0,1221
2430,3.2.4,5471,1,1251
2440,3.2.4,666,0,139
2441,3.2.4,666,1,376
171,3.2.5,336,0,13
172,3.2.5,336,0,16
173,3.2.5,336,1,18
524,3.2.5,5109,1,78
832,3.2.5,5176,0,287
833,3.2.5,5176,0,381
834,3.2.5,5176,0,390
836,3.2.5,5176,0,450
838,3.2.5,5176,0,481
1077,3.2.5,5431,1,310
1099,3.2.5,865,1,136
1170,3.2.5,701,0,96
1190,3.2.5,701,1,93
1668,3.2.5,193,1,6
1894,3.2.5,216,0,2263
1899,3.2.5,216,0,2734
2002,3.2.5,183,1,5
2093,3.2.5,672,1,88
2229,3.2.5,666,1,300
2298,3.2.5,654,0,272
2299,3.2.5,654,1,287
2431,3.2.5,5471,1,1145
174,3.2.6,336,0,12
175,3.2.6,336,0,14
176,3.2.6,336,0,16
177,3.2.6,336,0,18
178,3.2.6,336,0,53
522,3.2.6,5109,1,463
828,3.2.6,5176,0,234
830,3.2.6,5176,1,470
1023,3.2.6,859,0,68
1024,3.2.6,5340,1,190
1029,3.2.6,859,0,26
1030,3.2.6,859,0,40
1033,3.2.6,859,0,485
1034,3.2.6,859,0,499
1048,3.2.6,250,1,171
1100,3.2.6,865,0,214
1105,3.2.6,865,1,7
1171,3.2.6,701,1,32
1669,3.2.6,193,1,4
2003,3.2.6,183,1,8
2086,3.2.6,672,0,77
2087,3.2.6,672,1,99
2225,3.2.6,5122,1,227
2234,3.2.6,666,1,84
2300,3.2.6,654,1,33
2432,3.2.6,5471,1,1469
48,3.2.7,958,1,75
52,3.2.7,606,1,997
179,3.2.7,336,0,6
180,3.2.7,336,1,8
510,3.2.7,5109,1,214
817,3.2.7,5176,0,356
818,3.2.7,5176,0,492
822,3.2.7,5176,0,926
823,3.2.7,5176,1,1123
1025,3.2.7,5340,0,34
1026,3.2.7,5340,0,514
1027,3.2.7,5340,0,545
1028,3.2.7,5340,0,552
1031,3.2.7,5340,0,20
1042,3.2.7,859,0,388
1043,3.2.7,859,0,415
1057,3.2.7,859,0,29
1058,3.2.7,859,0,30
1059,3.2.7,859,0,31
1073,3.2.7,250,0,14
1074,3.2.7,250,1,140
1104,3.2.7,865,0,29
1106,3.2.7,865,0,71
1108,3.2.7,865,0,376
1120,3.2.7,865,1,151
1149,3.2.7,5431,0,10
1150,3.2.7,5431,0,12
1173,3.2.7,701,0,11
1174,3.2.7,701,0,97
1175,3.2.7,701,0,105
1180,3.2.7,701,0,142
1182,3.2.7,701,0,194
1499,3.2.7,588,0,83
1670,3.2.7,193,0,8
1671,3.2.7,193,1,10
1838,3.2.7,106,0,132
1839,3.2.7,106,0,144
2088,3.2.7,672,0,46
2090,3.2.7,672,1,122
2217,3.2.7,5122,1,203
2235,3.2.7,666,0,10
2239,3.2.7,666,0,91
2301,3.2.7,654,1,77
2436,3.2.7,666,0,290
2437,3.2.7,666,0,542
2438,3.2.7,666,0,557
56,3.2.8,606,1,827
186,3.2.8,336,0,5
187,3.2.8,336,0,8
188,3.2.8,336,0,10
189,3.2.8,336,0,12
190,3.2.8,336,0,14
191,3.2.8,336,0,19
507,3.2.8,5109,1,250
813,3.2.8,5176,1,205
1032,3.2.8,5340,1,249
1115,3.2.8,865,1,237
1163,3.2.8,701,1,37
1189,3.2.8,250,1,1489
1260,3.2.8,60,1,540
1672,3.2.8,193,0,8
1674,3.2.8,193,1,11
2091,3.2.8,672,1,302
2206,3.2.8,666,1,25
2212,3.2.8,5122,1,511
2302,3.2.8,654,1,75
181,3.2.9,336,0,11
182,3.2.9,336,0,32
183,3.2.9,336,0,37
184,3.2.9,336,0,40
185,3.2.9,336,0,57
501,3.2.9,5109,1,386
649,3.2.9,842,0,72
650,3.2.9,842,0,30
809,3.2.9,5176,0,227
844,3.2.9,5176,0,38
845,3.2.9,5176,0,61
846,3.2.9,5176,0,95
847,3.2.9,5176,0,105
934,3.2.9,74,1,71
1035,3.2.9,859,0,48
1036,3.2.9,859,0,10
1037,3.2.9,859,0,40
1038,3.2.9,859,0,41
1039,3.2.9,859,0,42
1040,3.2.9,5340,0,212
1041,3.2.9,5340,0,216
1081,3.2.9,250,0,2018
1082,3.2.9,250,0,2073
1085,3.2.9,250,0,4
1122,3.2.9,865,1,22
1151,3.2.9,5431,0,8
1152,3.2.9,5431,0,9
1153,3.2.9,5431,0,22
1169,3.2.9,701,0,25
1177,3.2.9,701,0,162
1184,3.2.9,701,0,6
1185,3.2.9,701,0,60
1186,3.2.9,701,0,66
1675,3.2.9,193,0,7
1676,3.2.9,193,0,8
1677,3.2.9,193,0,8
1678,3.2.9,193,0,9
1679,3.2.9,193,0,9
1866,3.2.9,106,0,2647
1878,3.2.9,106,0,4058
2092,3.2.9,672,0,241
2202,3.2.9,5122,1,1612
2244,3.2.9,666,0,61
2303,3.2.9,654,0,66
2304,3.2.9,654,0,193
2310,3.2.9,654,0,207
2311,3.2.9,654,0,208
2312,3.2.9,654,0,217
2442,3.2.9,666,0,93
2443,3.2.9,666,0,117
2444,3.2.9,666,1,215
247,3.3.1,210,1,104
924,3.3.1,5176,1,630
1060,3.3.1,859,1,204
1203,3.3.1,250,1,785
2324,3.3.1,654,1,139
361,3.3.10,202,1,47
1137,3.3.10,5431,1,89
1683,3.3.10,193,1,8
2283,3.3.10,5122,1,71
364,3.3.2,202,1,1753
943,3.3.2,74,1,1721
1684,3.3.2,193,1,30
2286,3.3.2,5122,0,222
2325,3.3.2,654,1,215
248,3.3.3,210,0,933
944,3.3.3,74,0,2043
1118,3.3.3,865,0,719
2321,3.3.3,654,0,3652
362,3.3.4,202,1,1451
970,3.3.4,74,1,1434
1216,3.3.4,250,0,1638
1686,3.3.4,193,1,93
1145,3.3.5,5431,0,692
1681,3.3.5,193,1,60
2328,3.3.5,654,0,626
1144,3.3.6,5431,1,613
1682,3.3.6,193,1,99
2265,3.3.6,5122,0,1241
2266,3.3.6,5099,0,1440
1267,3.3.7,250,0,637
919,3.3.8,5176,1,170
1127,3.3.8,865,0,744
1140,3.3.8,5431,1,547
2279,3.3.8,5122,1,1352
2280,3.3.8,5099,1,3475
941,3.3.9,74,1,1305
1061,3.3.9,859,0,516
1078,3.3.9,5431,1,490
2271,3.3.9,5099,1,1892
2273,3.3.9,5122,1,450
2323,3.3.9,654,1,3694
2445,3.3.9,666,0,146
2486,3.3.9,5323,0,599
93,5.1.1,5062,1,298
199,5.1.1,336,1,577
365,5.1.1,202,0,2340
452,5.1.1,5109,1,153
500,5.1.1,288,1,42
883,5.1.1,5323,1,2107
1080,5.1.1,5431,0,190
1131,5.1.1,865,1,1575
1687,5.1.1,193,1,101
1881,5.1.1,106,1,515
1943,5.1.1,972,0,100
1953,5.1.1,5033,1,1062
1987,5.1.1,183,1,456
2345,5.1.1,654,1,297
19,5.1.10,195,1,1056
159,5.1.10,5122,0,1441
377,5.1.10,206,1,1422
383,5.1.10,202,1,1960
889,5.1.10,5053,0,505
955,5.1.10,143,1,347
1126,5.1.10,5431,1,728
1200,5.1.10,5203,1,981
1410,5.1.10,5090,0,1434
1696,5.1.10,193,1,54
1723,5.1.10,10,1,1009
1835,5.1.10,198,1,320
1885,5.1.10,204,1,3560
1949,5.1.10,5033,0,891
1964,5.1.10,5033,0,220
2413,5.1.10,345,0,198
96,5.1.2,5062,1,420
343,5.1.2,5454,0,872
370,5.1.2,202,1,2668
379,5.1.2,206,1,1809
453,5.1.2,5109,1,209
506,5.1.2,288,0,282
875,5.1.2,5053,1,506
902,5.1.2,5323,0,3959
958,5.1.2,143,1,19
1079,5.1.2,5431,0,184
1132,5.1.2,865,1,2239
1688,5.1.2,193,1,162
1765,5.1.2,343,1,441
1945,5.1.2,972,0,309
1951,5.1.2,5033,0,917
1962,5.1.2,5033,1,97
1988,5.1.2,183,1,730
2346,5.1.2,654,0,86
2409,5.1.2,345,1,207
97,5.1.3,5062,0,35
136,5.1.3,5122,1,222
200,5.1.3,336,1,15
371,5.1.3,202,1,90
441,5.1.3,206,1,679
458,5.1.3,5109,1,198
496,5.1.3,288,1,35
855,5.1.3,149,1,24
892,5.1.3,5053,0,50
904,5.1.3,5323,1,400
948,5.1.3,143,0,13
1007,5.1.3,5469,0,64
1133,5.1.3,865,1,64
1187,5.1.3,5203,1,138
1271,5.1.3,250,1,236
1301,5.1.3,842,1,24
1356,5.1.3,5090,0,69
1390,5.1.3,10,1,32
1469,5.1.3,123,1,18
1689,5.1.3,193,1,2
1849,5.1.3,198,1,534
1858,5.1.3,204,1,58
1936,5.1.3,5033,0,212
1961,5.1.3,5033,0,86
1986,5.1.3,183,0,20
2408,5.1.3,345,1,24
2416,5.1.3,5457,1,21
14,5.1.4,195,1,54
98,5.1.4,5062,0,114
140,5.1.4,5122,1,111
201,5.1.4,336,0,7
372,5.1.4,202,1,176
434,5.1.4,206,1,283
459,5.1.4,5109,1,169
509,5.1.4,288,1,48
856,5.1.4,149,0,14
894,5.1.4,5053,1,52
905,5.1.4,5323,1,511
956,5.1.4,143,0,17
1009,5.1.4,5469,1,203
1083,5.1.4,5431,0,53
1139,5.1.4,865,1,353
1188,5.1.4,5203,0,34
1275,5.1.4,250,1,159
1299,5.1.4,842,0,98
1360,5.1.4,5090,0,18
1392,5.1.4,10,0,28
1470,5.1.4,123,0,33
1690,5.1.4,193,1,3
1726,5.1.4,224,0,69
1746,5.1.4,339,0,3
1859,5.1.4,198,0,350
1861,5.1.4,204,0,482
1938,5.1.4,5033,1,59
1957,5.1.4,5033,1,3
1985,5.1.4,183,0,632
15,5.1.5,195,1,417
142,5.1.5,5122,1,313
367,5.1.5,206,1,145
373,5.1.5,202,1,259
508,5.1.5,288,1,188
723,5.1.5,5029,0,1966
858,5.1.5,149,0,462
887,5.1.5,5053,1,287
949,5.1.5,143,1,31
1123,5.1.5,5431,1,118
1192,5.1.5,5203,0,275
1361,5.1.5,5090,1,83
1691,5.1.5,193,1,10
1700,5.1.5,10,1,227
1727,5.1.5,224,1,215
1772,5.1.5,339,1,529
1834,5.1.5,198,1,134
1864,5.1.5,204,1,914
1940,5.1.5,5033,0,123
1959,5.1.5,5033,1,88
2348,5.1.5,654,1,22
16,5.1.6,195,0,610
145,5.1.6,5122,0,687
374,5.1.6,206,0,749
375,5.1.6,202,1,656
505,5.1.6,288,1,265
725,5.1.6,5029,0,413
957,5.1.6,143,1,40
1193,5.1.6,5203,0,327
1367,5.1.6,5090,1,137
1535,5.1.6,5323,0,31831
1692,5.1.6,193,1,17
1749,5.1.6,339,0,1117
1750,5.1.6,339,0,1138
1872,5.1.6,204,1,2026
1944,5.1.6,5033,1,454
1956,5.1.6,5033,1,72
2030,5.1.6,391,0,1712
2410,5.1.6,345,1,339
148,5.1.7,5122,1,805
380,5.1.7,202,1,1364
443,5.1.7,206,1,319
461,5.1.7,5109,0,638
498,5.1.7,288,1,225
728,5.1.7,5029,1,1239
860,5.1.7,149,1,806
870,5.1.7,5053,0,220
959,5.1.7,143,1,61
1018,5.1.7,5469,1,565
1124,5.1.7,5431,1,539
1194,5.1.7,5203,1,361
1374,5.1.7,5090,0,307
1613,5.1.7,10,1,519
1693,5.1.7,193,1,27
1777,5.1.7,339,0,876
1877,5.1.7,204,1,2573
1946,5.1.7,5033,1,670
1955,5.1.7,5033,1,62
2347,5.1.7,654,1,156
17,5.1.8,195,1,808
376,5.1.8,206,1,1276
381,5.1.8,202,0,1806
513,5.1.8,288,0,174
729,5.1.8,5029,1,1263
878,5.1.8,5053,1,581
952,5.1.8,143,1,113
1021,5.1.8,5469,0,1509
1128,5.1.8,5431,1,934
1197,5.1.8,5203,0,525
1383,5.1.8,5090,0,644
1394,5.1.8,10,0,49
1695,5.1.8,193,0,48
1879,5.1.8,204,1,2907
1952,5.1.8,5033,0,1050
1963,5.1.8,5033,0,120
2017,5.1.8,862,0,28
2417,5.1.8,345,1,412
388,5.1.9,202,0,3765
460,5.1.9,206,0,172
865,5.1.9,149,0,1429
953,5.1.9,143,0,136
1125,5.1.9,5431,0,596
1202,5.1.9,5203,0,992
1221,5.1.9,322,1,380
1694,5.1.9,193,1,42
1761,5.1.9,343,1,289
1948,5.1.9,5033,0,842
1954,5.1.9,5033,1,49
69,5.2.1,231,0,5
101,5.2.1,231,1,108
236,5.2.1,287,1,301
249,5.2.1,184,1,13
344,5.2.1,5454,1,95
389,5.2.1,202,1,394
449,5.2.1,206,1,137
462,5.2.1,977,1,163
515,5.2.1,288,1,45
868,5.2.1,149,0,98
869,5.2.1,149,1,121
960,5.2.1,143,0,194
961,5.2.1,143,0,202
983,5.2.1,143,1,12
1136,5.2.1,5431,1,7
1204,5.2.1,5203,0,176
1205,5.2.1,5203,1,192
1294,5.2.1,842,1,55
1427,5.2.1,322,1,108
1598,5.2.1,187,1,754
1603,5.2.1,349,1,21
1616,5.2.1,10,1,79
1627,5.2.1,343,1,230
1697,5.2.1,193,1,4
1734,5.2.1,227,1,223
1737,5.2.1,5323,1,485
1757,5.2.1,339,1,87
1781,5.2.1,199,1,337
1909,5.2.1,204,1,821
1947,5.2.1,972,1,153
1965,5.2.1,5033,1,59
2065,5.2.1,342,1,29
2089,5.2.1,195,0,375
2330,5.2.1,5200,1,746
2349,5.2.1,654,1,72
2412,5.2.1,345,1,36
21,5.2.10,978,0,26
62,5.2.10,160,1,19
105,5.2.10,231,0,240
106,5.2.10,231,1,291
531,5.2.10,290,1,84
545,5.2.10,288,0,31
547,5.2.10,288,1,319
686,5.2.10,302,1,13
714,5.2.10,287,0,12
715,5.2.10,287,0,20
716,5.2.10,287,0,23
717,5.2.10,287,1,29
873,5.2.10,149,1,285
917,5.2.10,206,0,475
980,5.2.10,143,0,9
982,5.2.10,143,1,409
990,5.2.10,903,0,938
991,5.2.10,903,0,1124
1010,5.2.10,184,1,12
1076,5.2.10,977,0,850
1454,5.2.10,5093,1,65
1631,5.2.10,10,1,26
1712,5.2.10,193,0,2
1713,5.2.10,193,0,2
1714,5.2.10,193,0,3
1715,5.2.10,193,0,3
1716,5.2.10,193,0,4
1742,5.2.10,227,0,276
1743,5.2.10,227,0,317
1744,5.2.10,227,0,455
1745,5.2.10,227,0,495
1829,5.2.10,199,1,28
1958,5.2.10,972,1,358
2020,5.2.10,862,1,557
2040,5.2.10,977,1,108
2059,5.2.10,978,0,59
2060,5.2.10,978,1,108
2078,5.2.10,602,0,25
2079,5.2.10,602,1,71
2357,5.2.10,654,0,113
2379,5.2.10,5200,0,1065
2380,5.2.10,5200,0,1350
2381,5.2.10,5200,1,1503
2425,5.2.10,345,1,169
120,5.2.2,231,0,11
162,5.2.2,5122,1,323
237,5.2.2,287,1,23
326,5.2.2,184,1,29
378,5.2.2,349,1,292
392,5.2.2,202,1,366
457,5.2.2,206,1,231
486,5.2.2,290,0,550
488,5.2.2,290,0,1067
491,5.2.2,290,1,1137
516,5.2.2,288,1,48
519,5.2.2,977,1,27
751,5.2.2,352,1,471
962,5.2.2,143,1,12
1051,5.2.2,5469,1,607
1135,5.2.2,5431,1,338
1208,5.2.2,5203,1,208
1265,5.2.2,845,0,59
1270,5.2.2,845,1,269
1439,5.2.2,5090,1,293
1599,5.2.2,187,1,460
1618,5.2.2,10,1,103
1698,5.2.2,193,1,5
1735,5.2.2,227,1,443
1741,5.2.2,5323,1,404
1788,5.2.2,199,0,712
1789,5.2.2,199,1,1071
1914,5.2.2,204,1,296
2015,5.2.2,404,0,17
2026,5.2.2,404,1,2140
2066,5.2.2,342,1,29
2334,5.2.2,5200,1,492
2414,5.2.2,345,1,104
216,5.2.3,219,0,1002
217,5.2.3,219,0,1085
218,5.2.3,219,0,1129
219,5.2.3,219,0,1178
239,5.2.3,287,1,27
327,5.2.3,184,1,257
495,5.2.3,290,1,391
517,5.2.3,288,1,61
548,5.2.3,977,0,490
644,5.2.3,977,1,16
664,5.2.3,302,1,56
683,5.2.3,231,0,337
685,5.2.3,231,0,174
692,5.2.3,231,0,391
697,5.2.3,231,0,835
698,5.2.3,231,0,873
780,5.2.3,903,1,2645
989,5.2.3,143,0,9
1062,5.2.3,5469,0,908
1063,5.2.3,5469,1,1555
1069,5.2.3,143,1,22
1210,5.2.3,5203,1,247
1225,5.2.3,862,1,15
1619,5.2.3,10,1,31
1699,5.2.3,193,1,20
1790,5.2.3,199,0,216
1791,5.2.3,105,1,39
1792,5.2.3,199,0,355
1793,5.2.3,199,0,404
1794,5.2.3,199,0,517
1796,5.2.3,199,0,539
2034,5.2.3,202,1,100
2035,5.2.3,187,1,828
2057,5.2.3,206,1,50
2067,5.2.3,342,1,57
2418,5.2.3,345,1,540
2448,5.2.3,198,1,838
58,5.2.4,160,1,70
223,5.2.4,219,1,7
240,5.2.4,287,1,12
438,5.2.4,202,0,4
439,5.2.4,202,0,45
497,5.2.4,290,0,196
504,5.2.4,290,1,116
518,5.2.4,288,0,23
523,5.2.4,288,1,246
625,5.2.4,977,1,52
665,5.2.4,302,0,114
666,5.2.4,302,1,122
963,5.2.4,143,0,9
969,5.2.4,143,1,194
1211,5.2.4,5203,0,15
1212,5.2.4,5203,0,17
1213,5.2.4,5203,0,18
1214,5.2.4,5203,0,22
1215,5.2.4,5203,0,27
1220,5.2.4,322,1,13
1274,5.2.4,845,0,79
1620,5.2.4,10,1,21
1701,5.2.4,193,0,4
1702,5.2.4,193,1,8
1797,5.2.4,105,0,329
1798,5.2.4,105,0,331
1800,5.2.4,105,0,425
1801,5.2.4,105,1,649
2004,5.2.4,862,0,8
2005,5.2.4,862,0,49
2006,5.2.4,862,0,61
2007,5.2.4,862,0,78
2008,5.2.4,862,0,10
2068,5.2.4,342,0,23
2069,5.2.4,342,0,85
2070,5.2.4,342,0,106
2071,5.2.4,342,0,181
2072,5.2.4,342,0,199
2112,5.2.4,184,1,8
2419,5.2.4,345,1,37
53,5.2.5,160,0,319
54,5.2.5,160,0,416
59,5.2.5,160,1,10
220,5.2.5,219,0,214
222,5.2.5,400,0,20
224,5.2.5,219,1,25
242,5.2.5,287,0,16
243,5.2.5,287,0,29
244,5.2.5,287,1,13
511,5.2.5,290,0,332
512,5.2.5,290,0,333
514,5.2.5,290,1,442
538,5.2.5,288,1,827
667,5.2.5,302,0,12
668,5.2.5,302,0,19
669,5.2.5,302,1,84
700,5.2.5,231,0,143
701,5.2.5,231,0,157
724,5.2.5,231,1,37
726,5.2.5,977,1,10
911,5.2.5,903,0,221
913,5.2.5,903,1,584
984,5.2.5,143,0,91
985,5.2.5,143,0,94
986,5.2.5,143,1,199
1017,5.2.5,184,1,13
1218,5.2.5,5203,1,457
1540,5.2.5,336,1,64
1621,5.2.5,10,1,57
1703,5.2.5,193,1,4
1728,5.2.5,862,1,501
1803,5.2.5,199,0,70
1831,5.2.5,199,1,6
2021,5.2.5,404,1,1369
2420,5.2.5,345,1,139
2,5.2.6,602,0,919
3,5.2.6,602,1,17
225,5.2.6,219,1,109
520,5.2.6,290,0,236
521,5.2.6,290,1,276
551,5.2.6,288,0,89
552,5.2.6,288,1,143
553,5.2.6,288,0,145
554,5.2.6,288,0,150
670,5.2.6,302,0,12
671,5.2.6,302,0,21
673,5.2.6,302,0,425
674,5.2.6,302,0,427
675,5.2.6,302,0,429
702,5.2.6,287,0,153
703,5.2.6,287,0,182
704,5.2.6,287,0,183
705,5.2.6,287,0,185
706,5.2.6,287,0,6
735,5.2.6,977,1,346
763,5.2.6,903,0,315
972,5.2.6,143,0,132
973,5.2.6,143,0,135
974,5.2.6,143,1,151
993,5.2.6,903,0,23
1016,5.2.6,184,1,32
1441,5.2.6,5093,1,363
1622,5.2.6,10,1,43
1704,5.2.6,193,0,9
1705,5.2.6,193,1,15
1825,5.2.6,105,0,1198
1826,5.2.6,105,0,1200
1833,5.2.6,105,0,1525
1836,5.2.6,105,0,1882
1837,5.2.6,105,0,1903
2022,5.2.6,862,0,572
2023,5.2.6,862,1,714
2051,5.2.6,903,0,177
2052,5.2.6,903,1,437
2315,5.2.6,5200,0,1559
2316,5.2.6,5200,0,1877
2317,5.2.6,5200,0,1937
2319,5.2.6,5200,0,2355
2320,5.2.6,5200,0,2374
2421,5.2.6,345,1,95
8,5.2.7,978,1,1053
9,5.2.7,634,1,1678
60,5.2.7,160,0,120
63,5.2.7,160,1,45
226,5.2.7,219,1,15
525,5.2.7,290,1,253
542,5.2.7,288,1,252
676,5.2.7,302,0,70
677,5.2.7,302,0,156
678,5.2.7,302,0,180
689,5.2.7,302,0,31
690,5.2.7,302,0,49
707,5.2.7,287,0,20
708,5.2.7,287,1,38
755,5.2.7,977,0,781
976,5.2.7,143,1,119
1000,5.2.7,977,1,93
1015,5.2.7,184,1,17
1623,5.2.7,10,1,32
1706,5.2.7,193,1,12
1973,5.2.7,602,1,73
2013,5.2.7,862,1,969
2061,5.2.7,903,0,862
2064,5.2.7,903,0,1103
2326,5.2.7,5200,1,864
2422,5.2.7,345,1,69
1,5.2.8,634,0,431
4,5.2.8,602,0,21
227,5.2.8,219,1,145
527,5.2.8,290,0,104
528,5.2.8,290,1,130
543,5.2.8,288,1,230
688,5.2.8,302,1,29
709,5.2.8,287,0,11
710,5.2.8,287,0,12
711,5.2.8,287,0,13
712,5.2.8,287,0,14
713,5.2.8,287,0,14
950,5.2.8,903,1,3680
988,5.2.8,143,1,193
1013,5.2.8,184,1,15
1072,5.2.8,977,1,24
1624,5.2.8,10,1,32
1707,5.2.8,193,0,7
1708,5.2.8,193,0,13
1709,5.2.8,193,1,15
1722,5.2.8,978,1,26
1975,5.2.8,634,1,189
1977,5.2.8,602,1,19
2016,5.2.8,862,1,431
2036,5.2.8,202,1,23
2201,5.2.8,5200,1,276
2423,5.2.8,345,1,149
24,5.2.9,634,1,2091
25,5.2.9,978,1,899
61,5.2.9,160,1,16
228,5.2.9,219,1,15
529,5.2.9,290,1,100
544,5.2.9,288,1,595
679,5.2.9,302,0,17
684,5.2.9,302,0,16
687,5.2.9,302,1,30
718,5.2.9,287,0,7
719,5.2.9,287,0,38
720,5.2.9,287,0,43
721,5.2.9,287,0,46
722,5.2.9,287,0,49
730,5.2.9,231,0,412
731,5.2.9,231,0,439
732,5.2.9,231,0,690
733,5.2.9,231,0,155
734,5.2.9,231,0,176
877,5.2.9,149,0,136
967,5.2.9,903,0,715
968,5.2.9,903,0,764
975,5.2.9,903,0,990
977,5.2.9,903,0,212
978,5.2.9,143,0,162
979,5.2.9,143,1,170
981,5.2.9,903,0,12
1011,5.2.9,184,1,14
1075,5.2.9,977,0,1034
1363,5.2.9,845,0,8
1364,5.2.9,845,0,10
1366,5.2.9,845,0,18
1368,5.2.9,845,0,57
1443,5.2.9,5093,0,88
1450,5.2.9,5093,1,346
1626,5.2.9,10,1,33
1710,5.2.9,193,0,7
1711,5.2.9,193,1,9
1832,5.2.9,199,1,12
1970,5.2.9,977,1,94
1974,5.2.9,602,1,17
2018,5.2.9,862,1,224
2184,5.2.9,5200,0,587
2192,5.2.9,5200,0,854
2194,5.2.9,5200,1,955
2424,5.2.9,345,1,162
194,5.3.1,5122,0,294
1747,5.3.1,227,0,950
233,5.3.10,219,0,264
1071,5.3.10,143,0,354
1269,5.3.10,5206,0,1037
1680,5.3.10,10,1,540
2195,5.3.10,184,1,1643
693,5.3.2,302,0,94
1718,5.3.2,193,1,78
2063,5.3.2,978,0,719
1362,5.3.3,845,1,23
1461,5.3.3,5093,0,638
1719,5.3.3,193,1,100
232
5.3.4,219,1,232
1721,5.3.4,193,1,144
231,5.3.5,219,1,13
691,5.3.5,302,1,23
1268,5.3.5,5206,1,1030
1281,5.3.5,845,1,31
1685,5.3.5,10,1,16
2028,5.3.5,105,0,5850
2230,5.3.5,342,0,58
2365,5.3.5,654,1,24
2474,5.3.5,287,1,19
230,5.3.6,219,1,188
550,5.3.6,288,1,810
694,5.3.6,302,1,358
1510,5.3.6,5200,1,4211
1720,5.3.6,193,1,115
2062,5.3.6,978,1,644
2224,5.3.6,184,0,2969
2252,5.3.6,342,1,758
2475,5.3.6,287,1,62
107,5.3.7,231,0,405
229,5.3.7,219,1,157
1119,5.3.7,5431,0,571
1279,5.3.7,845,1,139
1673,5.3.7,10,0,483
1748,5.3.7,227,0,80
2253,5.3.8,184,1,321
197,5.3.9,5122,0,768
541,5.3.9,290,0,625
1045,5.3.9,184,1,520
1354,5.3.9,845,1,112
1717,5.3.9,193,1,40
234,6.1.1,219,0,3658
238,6.1.1,219,0,1468
945,6.1.1,291,0,6113
1019,6.1.1,184,1,254
1206,6.1.1,322,1,146
1276,6.1.1,5206,0,1409
1296,6.1.1,5206,1,2008
1561,6.1.1,336,1,204
1724,6.1.1,224,0,604
2292,6.1.1,343,1,2861
618,6.1.10,206,1,3442
1287,6.1.10,5206,0,1705
1377,6.1.10,5206,0,3690
1582,6.1.10,336,1,1593
241,6.1.2,219,1,1489
600,6.1.2,206,1,1127
1020,6.1.2,184,0,350
1207,6.1.2,322,1,339
1277,6.1.2,5206,0,1510
1288,6.1.2,845,0,30
1300,6.1.2,5206,1,2124
1562,6.1.2,336,1,393
1563,6.1.2,336,0,526
1725,6.1.2,224,0,964
1844,6.1.2,105,0,254
2295,6.1.2,343,1,3027
2434,6.1.2,231,0,1430
1209,6.1.3,322,0,494
1278,6.1.3,5206,0,1609
1316,6.1.3,5206,1,2541
1564,6.1.3,336,1,594
1847,6.1.3,105,0,842
604,6.1.4,206,1,1824
1217,6.1.4,322,1,919
1280,6.1.4,5206,0,1651
1320,6.1.4,5206,1,2588
1565,6.1.4,336,1,625
1566,6.1.4,336,0,661
1567,6.1.4,336,0,662
1568,6.1.4,336,0,663
1569,6.1.4,336,0,664
1570,6.1.4,336,0,665
1571,6.1.4,336,0,667
1572,6.1.4,336,0,667
1573,6.1.4,336,0,668
1574,6.1.4,336,0,669
1575,6.1.4,336,0,669
1576,6.1.4,336,0,670
1577,6.1.4,336,0,671
1578,6.1.4,336,0,672
1579,6.1.4,336,0,673
1848,6.1.4,105,1,913
2369,6.1.4,5249,0,90
1001,6.1.5,291,1,14324
1282,6.1.5,5206,0,1692
1334,6.1.5,5206,0,2777
1585,6.1.5,336,0,1757
384,6.1.6,349,0,437
1006,6.1.6,291,1,15094
1219,6.1.6,322,1,1207
1283,6.1.6,5206,0,1694
1289,6.1.6,845,0,61
1349,6.1.6,5206,1,3033
1580,6.1.6,336,0,862
620,6.1.7,206,0,3511
1284,6.1.7,5206,0,1697
1290,6.1.7,845,1,74
1353,6.1.7,5206,0,3230
1581,6.1.7,336,1,1154
2433,6.1.7,231,1,58
611,6.1.8,206,1,2811
1285,6.1.8,5206,0,1700
1355,6.1.8,5206,0,3262
1584,6.1.8,336,1,1731
614,6.1.9,206,1,3095
1286,6.1.9,5206,0,1702
1291,6.1.9,845,0,96
1359,6.1.9,5206,1,3331
1583,6.1.9,336,1,1689
279,6.2.1,169,1,98
295,6.2.1,160,1,105
884,6.2.1,149,1,63
1292,6.2.1,845,1,32
1306,6.2.1,313,1,483
1379,6.2.1,5206,0,199
1380,6.2.1,5206,0,214
1381,6.2.1,5206,0,218
1387,6.2.1,5206,1,361
1408,6.2.1,311,0,32
1409,6.2.1,311,1,44
1500,6.2.1,291,1,322
1546,6.2.1,336,1,19
1547,6.2.1,336,0,131
1548,6.2.1,336,0,133
1549,6.2.1,336,0,134
1550,6.2.1,336,0,136
1551,6.2.1,336,0,137
1552,6.2.1,336,0,138
1553,6.2.1,336,0,139
1554,6.2.1,336,0,140
1816,6.2.1,181,0,6
1817,6.2.1,181,1,29
1922,6.2.1,112,1,22
1931,6.2.1,227,1,162
2367,6.2.1,5249,1,4
2485,6.2.1,5200,1,220
265,6.2.2,169,0,3
293,6.2.2,169,0,4
304,6.2.2,160,0,29
305,6.2.2,160,1,55
315,6.2.2,169,1,220
628,6.2.2,206,0,76
881,6.2.2,149,0,119
921,6.2.2,206,0,943
1293,6.2.2,845,0,12
1341,6.2.2,313,0,501
1347,6.2.2,313,0,11
1370,6.2.2,845,0,3
1371,6.2.2,845,0,6
1373,6.2.2,845,0,45
1405,6.2.2,311,0,64
1406,6.2.2,311,1,74
1407,6.2.2,5206,0,668
1413,6.2.2,5206,0,790
1414,6.2.2,5206,0,806
1428,6.2.2,5206,0,1164
1429,6.2.2,5206,0,1174
1501,6.2.2,291,0,12
1502,6.2.2,291,0,289
1503,6.2.2,291,0,448
1505,6.2.2,291,0,20
1506,6.2.2,291,0,16
1555,6.2.2,336,1,24
1738,6.2.2,313,1,52
1846,6.2.2,181,1,320
1890,6.2.2,112,0,136
1919,6.2.2,112,0,67
1932,6.2.2,227,0,69
2368,6.2.2,5249,0,18
2489,6.2.2,5200,0,1195
2490,6.2.2,5200,0,1473
2491,6.2.2,5200,0,1602
2492,6.2.2,5200,0,1873
2493,6.2.2,5200,0,1955
285,6.2.3,169,0,254
286,6.2.3,169,1,581
300,6.2.3,160,0,4
301,6.2.3,160,0,33
302,6.2.3,160,1,40
1411,6.2.3,311,0,12
1412,6.2.3,311,0,66
1432,6.2.3,5206,0,180
1433,6.2.3,5206,0,181
1434,6.2.3,5206,0,194
1435,6.2.3,5206,0,209
1436,6.2.3,5206,0,222
1449,6.2.3,311,1,82
1541,6.2.3,336,1,59
1739,6.2.3,313,1,14
1818,6.2.3,181,0,18
1830,6.2.3,181,0,214
1840,6.2.3,181,1,1037
2494,6.2.3,5200,1,366
266,6.2.4,169,0,2
267,6.2.4,169,0,2
287,6.2.4,169,1,13
310,6.2.4,160,0,48
311,6.2.4,160,1,61
938,6.2.4,206,0,3461
939,6.2.4,206,0,3653
1384,6.2.4,313,0,448
1415,6.2.4,311,1,21
1558,6.2.4,336,1,52
1740,6.2.4,313,1,15
1842,6.2.4,181,1,175
2370,6.2.4,5249,0,6
303,6.2.5,160,1,18
306,6.2.5,169,0,12
307,6.2.5,169,1,42
1404,6.2.5,313,1,556
1444,6.2.5,311,0,6
1445,6.2.5,311,1,159
1531,6.2.5,291,1,18
1556,6.2.5,336,1,11
1819,6.2.5,181,0,13
1820,6.2.5,181,1,97
2495,6.2.5,5200,1,647
268,6.2.6,169,0,6
288,6.2.6,169,1,20
296,6.2.6,160,1,138
660,6.2.6,206,1,453
891,6.2.6,149,1,318
1295,6.2.6,845,1,39
1416,6.2.6,311,0,6
1417,6.2.6,311,0,16
1418,6.2.6,313,0,240
1419,6.2.6,311,0,30
1420,6.2.6,311,1,45
1422,6.2.6,313,0,364
1423,6.2.6,313,1,378
1507,6.2.6,291,1,192
1557,6.2.6,336,1,13
1821,6.2.6,181,0,4
1822,6.2.6,181,1,50
1903,6.2.6,112,1,287
1934,6.2.6,227,1,181
2496,6.2.6,5200,1,425
289,6.2.7,169,0,2
298,6.2.7,160,0,198
299,6.2.7,160,1,222
312,6.2.7,169,1,482
663,6.2.7,206,1,194
893,6.2.7,149,1,132
1297,6.2.7,845,1,20
1421,6.2.7,311,1,34
1467,6.2.7,313,1,104
1508,6.2.7,291,1,186
1559,6.2.7,336,1,14
1843,6.2.7,181,0,9
1845,6.2.7,181,1,294
1926,6.2.7,112,1,204
1937,6.2.7,227,1,160
2497,6.2.7,5200,0,351
269,6.2.8,169,0,2
290,6.2.8,169,0,53
291,6.2.8,169,1,61
309,6.2.8,160,1,89
662,6.2.8,206,1,340
895,6.2.8,149,1,30
1298,6.2.8,845,1,25
1440,6.2.8,311,1,635
1452,6.2.8,313,0,503
1464,6.2.8,313,1,62
1509,6.2.8,291,1,11
1560,6.2.8,336,1,61
1823,6.2.8,181,0,22
1824,6.2.8,181,1,51
1911,6.2.8,112,1,76
1939,6.2.8,227,1,68
292,6.2.9,169,1,59
308,6.2.9,160,1,346
898,6.2.9,149,1,81
900,6.2.9,291,1,189
920,6.2.9,206,1,871
1302,6.2.9,845,1,62
1358,6.2.9,313,1,61
1442,6.2.9,311,1,115
1542,6.2.9,336,1,19
1543,6.2.9,336,0,32
1544,6.2.9,336,0,35
1545,6.2.9,336,0,51
1850,6.2.9,181,0,328
1851,6.2.9,181,1,338
1921,6.2.9,112,1,45
1942,6.2.9,227,1,151
81,6.3.1,5159,1,123
322,6.3.1,169,1,516
933,6.3.1,206,1,2745
2372,6.3.1,5249,1,638
1196,6.3.10,5235,0,209
1456,6.3.10,311,1,395
1854,6.3.10,181,1,625
2456,6.3.10,291,0,414
80,6.3.2,5159,1,599
317,6.3.2,160,1,402
321,6.3.2,169,1,463
1767,6.3.2,313,0,1645
1784,6.3.2,313,0,529
320,6.3.3,160,1,643
1191,6.3.3,5235,0,142
1455,6.3.3,311,1,226
1778,6.3.3,313,1,761
82,6.3.4,5159,1,411
313,6.3.4,160,1,280
1457,6.3.4,311,1,451
1783,6.3.4,313,1,364
1855,6.3.4,181,1,655
323,6.3.5,169,0,699
1764,6.3.5,313,0,1289
1860,6.3.5,181,1,1335
324,6.3.6,160,0,126
1460,6.3.6,311,0,644
1768,6.3.6,313,0,1654
1786,6.3.6,313,0,579
1862,6.3.6,181,0,1353
83,6.3.7,5159,0,776
325,6.3.7,160,0,317
245,6.3.8,219,0,134
319,6.3.8,169,1,250
1179,6.3.8,5235,0,1786
1459,6.3.8,311,1,543
1755,6.3.8,313,0,2345
1770,6.3.8,313,0,374
1857,6.3.8,181,1,823
79,6.3.9,5159,0,5
84,6.3.9,5159,0,704
318,6.3.9,169,1,113
937,6.3.9,206,0,3015
1195,6.3.9,5235,0,190
1769,6.3.9,313,0,8
85,7.1.1,5159,1,1201
1303,7.1.1,845,0,60
1882,7.1.1,215,0,282
2467,7.1.1,402,1,52
111,7.1.10,5159,0,5033
202,7.1.10,331,1,6272
1888,7.1.10,215,0,474
103,7.1.2,5159,1,3736
205,7.1.2,331,1,6449
1883,7.1.2,215,0,301
2468,7.1.2,402,1,84
109,7.1.3,5159,1,4891
124,7.1.3,331,1,1096
2470,7.1.3,402,1,251
110,7.1.4,5159,0,4995
209,7.1.4,331,0,6800
1884,7.1.4,215,1,390
2471,7.1.4,402,0,470
100,7.1.5,5159,0,3430
212,7.1.5,331,1,137
99,7.1.6,5159,1,3230
146,7.1.6,331,1,2912
764,7.1.6,409,1,729
1886,7.1.6,215,0,434
108,7.1.7,5159,1,4209
151,7.1.7,331,1,3294
1887,7.1.7,215,0,454
87,7.1.8,5159,1,1803
153,7.1.8,331,1,3520
765,7.1.8,409,1,846
94,7.1.9,5159,1,2893
165,7.1.9,331,1,4526
766,7.1.9,409,1,1209
2058,7.1.9,206,0,332
429,7.2.1,5159,0,4
430,7.2.1,5159,0,5
431,7.2.1,5159,0,7
432,7.2.1,5159,0,9
433,7.2.1,5159,0,10
440,7.2.1,5159,1,294
1272,7.2.1,331,1,64
1273,7.2.1,293,1,2648
1590,7.2.1,400,0,49
1591,7.2.1,400,0,165
1592,7.2.1,400,0,199
1594,7.2.1,400,0,454
1595,7.2.1,400,0,628
1889,7.2.1,215,1,24
1908,7.2.1,5165,0,470
1910,7.2.1,5165,1,610
2383,7.2.1,402,1,37
57,7.2.2,400,0,1310
65,7.2.2,400,1,2333
155,7.2.2,5428,0,331
161,7.2.2,5428,1,778
390,7.2.2,5159,0,948
391,7.2.2,5159,0,1245
393,7.2.2,5159,1,1655
435,7.2.2,5159,1,34
774,7.2.2,409,0,943
777,7.2.2,409,0,257
785,7.2.2,409,1,945
925,7.2.2,5165,0,338
926,7.2.2,5165,1,391
1317,7.2.2,331,0,1333
1326,7.2.2,331,1,1422
1328,7.2.2,293,1,1470
1891,7.2.2,215,1,15
2465,7.2.2,402,0,557
2466,7.2.2,402,1,686
163,7.2.3,5428,1,259
399,7.2.3,5159,0,713
400,7.2.3,5159,0,718
401,7.2.3,5159,0,726
402,7.2.3,5159,0,735
403,7.2.3,5159,0,776
437,7.2.3,5159,1,53
815,7.2.3,409,0,185
816,7.2.3,409,0,349
927,7.2.3,5165,0,281
929,7.2.3,5165,0,487
930,7.2.3,5165,0,595
931,7.2.3,5165,0,154
932,7.2.3,5165,0,183
1369,7.2.3,331,1,792
1372,7.2.3,293,1,876
1596,7.2.3,400,0,183
1597,7.2.3,400,0,360
1600,7.2.3,400,0,1195
1601,7.2.3,400,0,1296
1602,7.2.3,400,0,1399
1892,7.2.3,215,0,42
2384,7.2.3,402,1,15
404,7.2.4,5159,0,5
405,7.2.4,5159,0,6
406,7.2.4,5159,0,7
407,7.2.4,5159,0,10
408,7.2.4,5159,0,12
1431,7.2.4,331,0,1769
1446,7.2.4,5159,0,473
1447,7.2.4,5159,0,494
1448,7.2.4,5159,0,507
1451,7.2.4,5159,0,535
1453,7.2.4,5159,0,580
1471,7.2.4,331,1,1434
1472,7.2.4,293,1,4232
1604,7.2.4,400,0,3364
1605,7.2.4,400,0,3457
1606,7.2.4,400,0,3490
1607,7.2.4,400,0,3578
1608,7.2.4,400,0,148
1896,7.2.4,5165,0,1089
1900,7.2.4,5165,0,1264
1901,7.2.4,5165,0,1304
1904,7.2.4,5165,0,1675
1905,7.2.4,5165,0,1709
2385,7.2.4,402,1,22
193,7.2.5,5428,0,581
409,7.2.5,5159,0,5
410,7.2.5,5159,0,6
411,7.2.5,5159,0,7
412,7.2.5,5159,0,9
413,7.2.5,5159,0,10
450,7.2.5,5159,0,57
451,7.2.5,5159,0,70
454,7.2.5,5159,0,155
455,7.2.5,5159,0,179
456,7.2.5,5159,0,246
1912,7.2.5,5165,0,174
1913,7.2.5,5165,0,179
1917,7.2.5,5165,0,418
1924,7.2.5,5165,1,1075
2281,7.2.5,331,1,2981
2285,7.2.5,293,1,72
2386,7.2.5,402,0,7
2387,7.2.5,402,0,9
2388,7.2.5,402,0,44
2389,7.2.5,402,0,185
2390,7.2.5,402,0,328
2401,7.2.5,400,1,31
414,7.2.6,5159,0,5
415,7.2.6,5159,0,6
416,7.2.6,5159,0,8
417,7.2.6,5159,0,9
418,7.2.6,5159,0,11
1424,7.2.6,5159,0,999
1425,7.2.6,5159,0,1011
1426,7.2.6,5159,0,1021
1437,7.2.6,5159,0,1344
1438,7.2.6,5159,0,1370
1484,7.2.6,5165,0,504
1489,7.2.6,5165,0,746
1491,7.2.6,5165,0,1108
1492,7.2.6,5165,0,1613
1493,7.2.6,5165,0,1651
2246,7.2.6,331,1,1822
2248,7.2.6,293,1,1930
2402,7.2.6,400,0,5
2403,7.2.6,400,0,6
2404,7.2.6,400,0,16
2405,7.2.6,400,0,16
2407,7.2.6,400,0,17
2464,7.2.6,402,1,15
419,7.2.7,5159,0,5
420,7.2.7,5159,0,6
421,7.2.7,5159,0,8
422,7.2.7,5159,0,11
423,7.2.7,5159,0,15
1304,7.2.7,5159,0,1170
1307,7.2.7,5159,0,1273
1376,7.2.7,5159,1,2545
1802,7.2.7,5165,0,1812
1808,7.2.7,5165,0,2434
1828,7.2.7,5165,1,3114
2185,7.2.7,331,1,17
2189,7.2.7,293,1,87
2391,7.2.7,402,1,20
2400,7.2.7,400,1,13
215,7.2.8,5428,0,1767
424,7.2.8,5159,0,3
425,7.2.8,5159,0,4
426,7.2.8,5159,0,6
427,7.2.8,5159,0,8
428,7.2.8,5159,0,10
1066,7.2.8,5428,0,268
1378,7.2.8,5159,0,132
1382,7.2.8,5159,0,230
1385,7.2.8,5159,0,279
1386,7.2.8,5159,0,327
1388,7.2.8,5159,0,359
1841,7.2.8,5165,1,983
1893,7.2.8,215,1,12
1897,7.2.8,331,1,581
1898,7.2.8,293,1,593
2392,7.2.8,402,0,5
2393,7.2.8,402,0,6
2394,7.2.8,402,0,10
2395,7.2.8,402,0,30
2396,7.2.8,402,0,64
2399,7.2.8,400,1,6
1516,7.3.1,331,1,614
1517,7.3.1,293,1,860
1012,7.3.10,5165,0,329
2027,7.3.10,391,1,134
211,7.3.2,5428,1,149
1465,7.3.2,5159,0,501
2156,7.3.2,293,1,604
210,7.3.3,5428,1,284
1967,7.3.3,293,1,288
203,7.3.4,5428,0,633
1004,7.3.4,5165,0,136
1895,7.3.4,215,1,24
1923,7.3.4,331,1,240
2024,7.3.4,400,0,185
2029,7.3.4,391,1,116
1003,7.3.5,5165,1,353
1463,7.3.5,5159,1,194
1941,7.3.5,331,0,920
2397,7.3.5,402,1,103
2398,7.3.5,400,1,28
1008,7.3.6,5165,1,297
1458,7.3.6,5159,1,275
1518,7.3.6,331,1,217
1519,7.3.6,293,1,267
2019,7.3.6,400,0,977
1466,7.3.7,5159,0,332
2461,7.3.7,402,1,24
2462,7.3.7,400,1,9
208,7.3.8,5428,1,276
1462,7.3.8,5159,1,391
1520,7.3.8,331,1,237
1521,7.3.8,293,1,279
1014,7.3.9,5165,0,4
2406,7.3.9,400,1,303
1766,9.1.1,5159,1,422
2237,9.1.1,215,0,43
2238,9.1.10,215,0,86
1775,9.1.2,5159,1,1090
1308,9.1.3,845,0,58
1779,9.1.3,5159,1,1275
1309,9.2.1,845,0,6
1310,9.2.1,845,0,9
1311,9.2.1,845,0,13
1312,9.2.1,845,1,21
1313,9.2.5,845,0,4
1314,9.2.5,845,0,6
1315,9.2.5,845,0,11
1319,9.2.5,845,0,64
1321,9.2.5,845,0,99
1322,9.2.6,845,0,3
1323,9.2.6,845,0,6
1324,9.2.6,845,0,8
1325,9.2.6,845,0,10
1327,9.2.6,845,0,57
1329,9.3.9,845,0,4
